timeStamp,elapsed,label,responseCode,responseMessage,threadName,dataType,success,failureMessage,bytes,sentBytes,grpThreads,allThreads,URL,Latency,IdleTime,Connect
1597621708902,5736,HTTP Request,200,OK,Thread Group 1-1,text,true,,38636,648,30,30,https://bloodpressurepulse-dev.herokuapp.com/_dash-update-component,5732,0,949
1597621708934,5914,HTTP Request,200,OK,Thread Group 1-2,text,true,,38636,648,29,29,https://bloodpressurepulse-dev.herokuapp.com/_dash-update-component,5721,0,1114
1597621709198,10456,HTTP Request,200,OK,Thread Group 1-10,text,true,,38636,648,28,28,https://bloodpressurepulse-dev.herokuapp.com/_dash-update-component,10453,0,857
1597621709331,10680,HTTP Request,200,OK,Thread Group 1-14,text,true,,38636,648,27,27,https://bloodpressurepulse-dev.herokuapp.com/_dash-update-component,10322,0,724
1597621709100,16616,HTTP Request,200,OK,Thread Group 1-7,text,true,,38636,648,26,26,https://bloodpressurepulse-dev.herokuapp.com/_dash-update-component,16605,0,957
1597621709001,17323,HTTP Request,200,OK,Thread Group 1-4,text,true,,38636,648,25,25,https://bloodpressurepulse-dev.herokuapp.com/_dash-update-component,17316,0,1054
1597621709231,22428,HTTP Request,200,OK,Thread Group 1-11,text,true,,38636,648,24,24,https://bloodpressurepulse-dev.herokuapp.com/_dash-update-component,22215,0,826
1597621709265,23015,HTTP Request,200,OK,Thread Group 1-12,text,true,,38636,648,23,23,https://bloodpressurepulse-dev.herokuapp.com/_dash-update-component,23005,0,807
1597621708970,27188,HTTP Request,200,OK,Thread Group 1-3,text,true,,38636,648,22,22,https://bloodpressurepulse-dev.herokuapp.com/_dash-update-component,27107,0,1102
1597621709035,28069,HTTP Request,200,OK,Thread Group 1-5,text,true,,38636,648,21,21,https://bloodpressurepulse-dev.herokuapp.com/_dash-update-component,28066,0,1207
1597621709430,31013,HTTP Request,503,Service Unavailable,Thread Group 1-17,text,false,,715,648,20,20,https://bloodpressurepulse-dev.herokuapp.com/_dash-update-component,31013,0,815
1597621709297,31147,HTTP Request,503,Service Unavailable,Thread Group 1-13,text,false,,715,648,20,20,https://bloodpressurepulse-dev.herokuapp.com/_dash-update-component,31147,0,948
1597621709133,31311,HTTP Request,503,Service Unavailable,Thread Group 1-8,text,false,,715,648,20,20,https://bloodpressurepulse-dev.herokuapp.com/_dash-update-component,31311,0,1112
1597621709166,31279,HTTP Request,503,Service Unavailable,Thread Group 1-9,text,false,,715,648,20,20,https://bloodpressurepulse-dev.herokuapp.com/_dash-update-component,31278,0,1079
1597621709363,31082,HTTP Request,503,Service Unavailable,Thread Group 1-15,text,false,,715,648,20,20,https://bloodpressurepulse-dev.herokuapp.com/_dash-update-component,31082,0,882
1597621709067,31379,HTTP Request,503,Service Unavailable,Thread Group 1-6,text,false,,715,648,20,20,https://bloodpressurepulse-dev.herokuapp.com/_dash-update-component,31379,0,1178
1597621709397,31066,HTTP Request,503,Service Unavailable,Thread Group 1-16,text,false,,715,648,14,14,https://bloodpressurepulse-dev.herokuapp.com/_dash-update-component,31066,0,848
1597621709462,31010,HTTP Request,503,Service Unavailable,Thread Group 1-18,text,false,,715,648,13,13,https://bloodpressurepulse-dev.herokuapp.com/_dash-update-component,31010,0,802
1597621709660,30987,HTTP Request,503,Service Unavailable,Thread Group 1-24,text,false,,715,648,12,12,https://bloodpressurepulse-dev.herokuapp.com/_dash-update-component,30987,0,619
1597621709629,31018,HTTP Request,503,Service Unavailable,Thread Group 1-23,text,false,,715,648,12,12,https://bloodpressurepulse-dev.herokuapp.com/_dash-update-component,31018,0,642
1597621709595,31053,HTTP Request,503,Service Unavailable,Thread Group 1-22,text,false,,715,648,12,12,https://bloodpressurepulse-dev.herokuapp.com/_dash-update-component,31053,0,684
1597621709726,30930,HTTP Request,503,Service Unavailable,Thread Group 1-26,text,false,,715,648,9,9,https://bloodpressurepulse-dev.herokuapp.com/_dash-update-component,30930,0,745
1597621709530,31126,HTTP Request,503,Service Unavailable,Thread Group 1-20,text,false,,715,648,9,9,https://bloodpressurepulse-dev.herokuapp.com/_dash-update-component,31126,0,920
1597621709495,31161,HTTP Request,503,Service Unavailable,Thread Group 1-19,text,false,,715,648,9,9,https://bloodpressurepulse-dev.herokuapp.com/_dash-update-component,31161,0,955
1597621709831,30825,HTTP Request,503,Service Unavailable,Thread Group 1-29,text,false,,715,648,9,9,https://bloodpressurepulse-dev.herokuapp.com/_dash-update-component,30825,0,658
1597621709693,30963,HTTP Request,503,Service Unavailable,Thread Group 1-25,text,false,,715,648,9,9,https://bloodpressurepulse-dev.herokuapp.com/_dash-update-component,30963,0,781
1597621709563,31094,HTTP Request,503,Service Unavailable,Thread Group 1-21,text,false,,715,648,6,6,https://bloodpressurepulse-dev.herokuapp.com/_dash-update-component,31094,0,926
1597621709761,31094,HTTP Request,503,Service Unavailable,Thread Group 1-27,text,false,,715,648,3,3,https://bloodpressurepulse-dev.herokuapp.com/_dash-update-component,31094,0,898
1597621709794,31061,HTTP Request,503,Service Unavailable,Thread Group 1-28,text,false,,715,648,3,3,https://bloodpressurepulse-dev.herokuapp.com/_dash-update-component,31061,0,861
1597621709861,30994,HTTP Request,503,Service Unavailable,Thread Group 1-30,text,false,,715,648,3,3,https://bloodpressurepulse-dev.herokuapp.com/_dash-update-component,30994,0,798
